Tempo_blanc;Tempo_rouge
29/11/2022;08/12/2022
30/11/2022;12/12/2022
01/12/2022;13/12/2022
02/12/2022;14/12/2022
05/12/2022;17/01/2023
06/12/2022;18/01/2023
07/12/2022;19/01/2023
09/12/2022;20/01/2023
10/12/2022;23/01/2023
15/12/2022;24/01/2023
16/12/2022;25/01/2023
17/12/2022;26/01/2023
16/01/2023;27/01/2023
21/01/2023;30/01/2023
28/01/2023;31/01/2023
01/02/2023;06/02/2023
02/02/2023;07/02/2023
03/02/2023;08/02/2023
04/02/2023;09/02/2023
11/02/2023;10/02/2023
13/02/2023;01/03/2023
14/02/2023;02/03/2023
15/02/2023;
16/02/2023;
22/02/2023;
23/02/2023;
24/02/2023;
27/02/2023;
28/02/2023;
03/03/2023;
06/03/2023;
07/03/2023;
04/04/2023;
05/04/2023;
06/04/2023;
07/04/2023;
13/04/2023;
25/04/2023;
26/04/2023;
07/06/2023;
08/06/2023;
09/06/2023;
12/06/2023;
